Long_et_al_2019_rxn,Long_et_al_2019_rxn_formula,bigg.reaction,
1,Gluc.Ext + PEP -> G6P + Pyr,GLCptspp,
2,G6P <=> F6P (net),PGI,
3,F6P + ATP -> FBP,PFK,
4,FBP -> F6P,FBP,
5,FBP <=> DHAP + GAP (net),FBA,
6,DHAP <=> GAP (net),TPI,
7,GAP <=> 3PG + ATP + NADH (net),GAPD;PGK,
8,3PG <=> PEP (net),PGM;ENO,
9,PEP <=> Pyr + ATP (net),PYK,
10,G6P -> 6PG + NADPH,G6PDH2r;PGL,
11,6PG -> Ru5P + CO2 + NADPH,GND,
12,Ru5P <=> X5P (net),RPE,
13,Ru5P <=> R5P (net),RPI,
14,X5P <=> GAP + E-C2 (net),,
15,F6P <=> E4P + E-C2 (net),,
16,S7P <=> R5P + E-C2 (net),,
17,F6P <=> GAP + E-C3 (net),,
18,S7P <=> E4P + E-C3 (net),,
19,6PG -> KDPG,,
20,KDPG -> GAP + Pyr,,
21,Pyr -> AcCoA + CO2 + NADH,PDH,
22,AcCoA + OAC -> Cit,CS,
23,Cit <=> ICit (net),ACONTa;ACONTb,
24,ICit -> AKG + CO2 + NADPH,ICDHyr,fw
25,AKG + CO2.int + NADPH -> Icit,ICDHyr,bw
26,AKG -> SucCoA + CO2 + NADH,AKGDH,fw
27,SucCoA + NADH + CO2.int -> AKG,AKGDH,bw
28,SucCoA <=> Suc + ATP (net),SUCCOAS,
29,Suc <=> Fum + FADH2 (net),,
30,Fum <=> Mal (net),FUM,
31,Mal <=> OAC + NADH (net),MDH,
32,ICit <=> Glyox + Suc (net),ICL,
33,AcCoA + Glyox -> Mal,MALS,
34,Mal -> Pyr + CO2 + NADPH,ME2,
35,Mal -> Pyr + CO2 + NADH                                              ,ME1,
36,PEP + CO2.int -> OAC,PPC,
37,OAC + ATP -> PEP + CO2,PPCK,
38,AcCoA   <=> Ac + ATP (net),PTAr;ACKr,
39,AKG + NADPH  + NH3 -> Glu,GLUDy,
40,Glu + ATP  + NH3 -> Gln,GLNS,
41,Glu + 2 NADPH + ATP -> Pro,GLU5K;G5SDL;G5SADs;P5CR,
42,Glu + CO2 + Gln + NADPH + Asp + AcCoA + 5 ATP -> Arg + AKG  + Fum + Ac,ACGS;ACGK;AGPR;ACOTA;ACODA;OCBT;ARGSS;ARGSL,
43,OAC + Glu -> Asp + AKG,ASPTA,
44,Asp  + 2 ATP + NH3 -> Asn,,
45,Pyr + Glu -> Ala + AKG,ALATA_L,
46,3PG + Glu  -> Ser + NADH + AKG,PGCD;PSERT;PSP_L,
47,Ser <=> Gly + MEETHF (net),GHMT2r,
48,Gly -> CO2 + MEETHF  + NADH + NH3,,fw
49,CO2.int + MEETHF  + NADH -+ NH3 > Gly,GLYCL,bw
50,Thr  <=> Gly + AcCoA + NADH (net),,
51,Ser + AcCoA + SO4 + 3 ATP + 4 NADPH + SO4 -> Cys + Ac,SERAT;CYSS;SO4tex;SULabcpp;SADt2;ADSK;PAPSR;SULR,
52,Asp + Pyr + Glu + 2 NADPH + ATP + SucCoA -> LL-DAP + AKG + Suc,ASPK;ASAD;DHDPS;DHDPRy;THDPS;SDPTA;SDPDS,
53,LL-DAP -> Lys + CO2,DAPE;DAPDC,
54,Asp + 2 NADPH + 2 ATP -> Thr,ASPK;ASAD;HSDy;HSK;THRS,
55,Asp + METHF + Cys + 2 NADPH + ATP + SucCoA -> Met + Pyr + Suc + NH3,ASPK;ASAD;HSDy;HSST;SHSL1;CYSTL;METS,
56,2 Pyr + NADPH + Glu -> Val + CO2  + AKG,ACLS;KARA1;DHAD1;VALTA,
57,2 Pyr + AcCoA + Glu + NADPH  -> Leu + 2 CO2 + AKG  + NADH,ACLS;KARA1;DHAD1;IPPS;IPPMib;IPPMIa;IPMD;OMCDC;LEUTAi,
58,Thr + Pyr + Glu + NADPH -> Ile + CO2 + AKG + NH3,THRD_L;ACHBS;KARA2;DHAD2;ILETA,
59,E4P + 2 PEP + Glu + NADPH + ATP -> Phe + CO2 + AKG,DDPA;DHQS;DHQTi;SHK3Dr;PSCVT;CHORS;CHORM;PPNDH;PHETA1,
60,E4P + 2 PEP + Glu + NADPH  + ATP -> Tyr + CO2 + AKG  + NADH,DDPA;DHQS;DHQTi;SHK3Dr;PSCVT;CHORS;CHORM;PPND;TYRTA,
61,E4P + 2 PEP + R5P + Ser + Gln + NADPH + 3 ATP -> Trp + CO2 + Pyr + GAP + Glu,DDPA;DHQS;DHQTi;SHK3Dr;PSCVT;CHORS;ANS;ANPRT;PRALi;IGPS;TRPS3;TRPS2,
62,R5P + FTHF + Gln + Asp + 5 ATP -> His + 2 NADH + AKG + Fum,PRPPS;ATPPRT;PRATPP;PRAMPC;PRMICI;IG3PS;IGPDH;HSTPT;HISTP;HISTD;,
63,Ser -> Pyr + NH3,,
64,MEETHF + NADH -> METHF,MTHFD,
65,MEETHF  -> FTHF + NADPH,,
66,NADH + 0.5 O2 -> 2 ATP,NADH16pp;CYTBO3_4PP,
67,FADH2 + 0.5 O2 -> ATP,,
68,NADH  <=> NADPH  (net),THD2PP,
69,ATP -> ATP.Ext,,
70,Ac -> Ac.Ext,ACt2rpp;ACtex,
71,CO2 -> CO2.Ext,CO2tpp;CO2tex,
72,O2.Ext -> O2,O2tex;O2tpp,
73,NH3.Ext -> NH3,NH4tpp;NH4tex,
74,SO4.Ext -> SO4,SO4tex;SO4t2pp,
75,Biomass production (Cmol of biomass),Biomass,
76,G6P -> Gluc.snk,,
77,DHAP -> Mglx,,
78,Mglx -> Lact,,
79,Pyr + NADH <=> Lact  (net),LDH,
